date,merchant_id,country,payment_method,processor,transactions_count,transactions_amount
2025-11-28,M003,PH,gopay,Midtrans,7,525.77
2025-11-28,M008,PH,bank_transfer,Xendit,7,670.53
2025-11-29,M002,PH,mastercard,Adyen,11,1298.55
2025-11-29,M002,PH,ovo,Midtrans,7,720.2
2025-11-29,M008,ID,ovo,Midtrans,11,836.34
2025-11-29,M008,PH,visa,Checkout.com,9,1027.27
2025-11-29,M008,VN,bank_transfer,Xendit,8,846.57
2025-11-29,M013,PH,visa,Stripe,46,2676.24
2025-11-29,M035,ID,mastercard,Checkout.com,42,1894.43
2025-11-30,M001,ID,gcash,PayMaya,7,633.73
2025-11-30,M001,TH,visa,Checkout.com,7,478.53
2025-11-30,M002,ID,gopay,Midtrans,7,780.15
2025-11-30,M002,ID,mastercard,Adyen,7,389.0
2025-11-30,M002,PH,ovo,Midtrans,9,391.54
2025-11-30,M005,PH,bank_transfer,Xendit,11,1041.08
2025-11-30,M028,ID,visa,Stripe,38,4461.23
2025-11-30,M037,PH,visa,Checkout.com,50,3481.84
2025-12-01,M004,ID,visa,Stripe,9,496.42
2025-12-01,M004,VN,gcash,PayMaya,11,858.62
2025-12-01,M030,TH,visa,Checkout.com,54,5053.6
2025-12-02,M001,PH,mastercard,Adyen,9,959.53
2025-12-02,M002,ID,visa,Stripe,8,519.91
2025-12-02,M002,TH,visa,Stripe,7,730.67
2025-12-02,M006,VN,ovo,Midtrans,9,567.6
2025-12-02,M030,PH,mastercard,Adyen,39,1996.03
2025-12-03,M002,TH,mastercard,Checkout.com,10,405.89
2025-12-03,M002,VN,gopay,Midtrans,7,652.32
2025-12-03,M003,PH,gopay,Midtrans,8,819.67
2025-12-03,M005,ID,bank_transfer,Xendit,9,769.49
2025-12-03,M005,TH,bank_transfer,Xendit,11,540.79
2025-12-03,M018,PH,visa,Stripe,39,3029.82
2025-12-04,M003,ID,ovo,Midtrans,8,809.6
2025-12-04,M005,PH,ovo,Midtrans,8,674.29
2025-12-04,M044,PH,ovo,Midtrans,42,2701.27
2025-12-05,M001,VN,bank_transfer,Xendit,12,899.25
2025-12-05,M002,ID,mastercard,Adyen,10,726.82
2025-12-05,M005,ID,visa,Stripe,7,411.01
2025-12-05,M006,ID,gopay,Midtrans,11,687.62
2025-12-05,M006,VN,visa,Adyen,10,929.53
2025-12-06,M001,TH,mastercard,Adyen,8,821.69
2025-12-06,M003,ID,visa,Stripe,8,580.09
2025-12-06,M004,ID,mastercard,Checkout.com,7,373.5
2025-12-06,M007,TH,gcash,PayMaya,12,566.45
2025-12-06,M008,ID,bank_transfer,Xendit,8,615.6
2025-12-06,M008,ID,truemoney,Omise,11,880.92
2025-12-06,M009,TH,mastercard,Stripe,57,5455.22
2025-12-06,M041,PH,visa,Adyen,46,3242.16
2025-12-06,M043,ID,visa,Stripe,51,4611.55
2025-12-06,M053,PH,visa,Stripe,48,2256.58
2025-12-07,M002,PH,gopay,Midtrans,11,1286.47
2025-12-07,M004,PH,ovo,Midtrans,7,671.84
2025-12-07,M007,ID,gopay,Midtrans,10,1175.34
2025-12-07,M008,ID,mastercard,Stripe,7,681.46
2025-12-07,M036,ID,visa,Adyen,45,2780.07
2025-12-07,M054,TH,bank_transfer,Xendit,60,6732.49
2025-12-08,M005,ID,mastercard,Checkout.com,9,505.7
2025-12-08,M006,ID,mastercard,Stripe,10,863.38
2025-12-08,M007,ID,mastercard,Stripe,11,1193.82
2025-12-09,M002,ID,visa,Stripe,7,682.9
2025-12-09,M006,ID,visa,Checkout.com,9,811.66
2025-12-09,M016,ID,visa,Stripe,42,3863.48
2025-12-10,M001,ID,visa,Adyen,11,805.91
2025-12-10,M002,TH,gcash,PayMaya,12,954.23
2025-12-10,M003,TH,mastercard,Stripe,10,515.62
2025-12-10,M004,PH,gopay,Midtrans,11,957.13
2025-12-10,M004,PH,truemoney,Omise,11,1254.11
2025-12-10,M004,TH,gcash,PayMaya,8,542.0
2025-12-10,M008,ID,visa,Stripe,8,334.59
2025-12-10,M019,ID,mastercard,Adyen,34,2671.87
2025-12-11,M005,TH,mastercard,Adyen,7,326.33
2025-12-11,M008,ID,mastercard,Stripe,9,713.31
2025-12-12,M002,ID,gopay,Midtrans,7,600.17
2025-12-12,M002,VN,mastercard,Checkout.com,9,552.22
2025-12-12,M004,ID,ovo,Midtrans,10,816.54
2025-12-12,M004,VN,visa,Stripe,9,375.56
2025-12-12,M005,ID,mastercard,Adyen,7,781.85
2025-12-12,M005,ID,mastercard,Stripe,11,927.55
2025-12-12,M008,ID,ovo,Midtrans,11,1031.57
2025-12-12,M008,TH,ovo,Midtrans,10,927.54
2025-12-13,M002,ID,visa,Stripe,8,811.93
2025-12-13,M004,ID,ovo,Midtrans,11,1246.09
2025-12-13,M042,ID,visa,Checkout.com,54,2321.62
2025-12-14,M002,ID,bank_transfer,Xendit,8,557.39
2025-12-14,M002,PH,mastercard,Adyen,7,732.62
2025-12-14,M004,PH,gopay,Midtrans,10,1162.32
2025-12-14,M005,ID,gopay,Midtrans,10,812.05
2025-12-14,M005,PH,mastercard,Adyen,10,1148.83
2025-12-14,M006,ID,bank_transfer,Xendit,11,479.52
2025-12-14,M032,ID,visa,Stripe,46,5491.94
2025-12-15,M003,TH,visa,Adyen,7,699.22
2025-12-15,M005,TH,bank_transfer,Xendit,7,780.33
2025-12-16,M001,VN,mastercard,Stripe,8,522.19
2025-12-16,M005,TH,bank_transfer,Xendit,7,650.53
2025-12-16,M007,VN,visa,Stripe,9,428.02
2025-12-16,M046,ID,visa,Stripe,38,2317.88
2025-12-17,M003,ID,visa,Stripe,7,414.94
2025-12-17,M011,ID,gopay,Midtrans,59,6282.85
2025-12-17,M011,PH,mastercard,Stripe,57,3097.46
2025-12-17,M036,ID,mastercard,Checkout.com,41,4508.56
2025-12-17,M037,TH,ovo,Midtrans,55,3565.42
2025-12-17,M045,ID,visa,Stripe,37,4356.61
2025-12-17,M052,ID,gopay,Midtrans,44,2266.52
2025-12-18,M005,PH,mastercard,Checkout.com,12,700.47
2025-12-18,M036,ID,bank_transfer,Xendit,58,5464.34
2025-12-18,M045,ID,gopay,Midtrans,59,4749.88
2025-12-18,M047,VN,mastercard,Checkout.com,39,3373.08
2025-12-19,M002,VN,mastercard,Adyen,10,1043.3
2025-12-19,M004,ID,bank_transfer,Xendit,8,792.95
2025-12-19,M004,PH,ovo,Midtrans,11,548.9
2025-12-19,M005,ID,mastercard,Stripe,7,502.64
2025-12-19,M007,ID,visa,Adyen,10,790.87
2025-12-19,M029,TH,visa,Checkout.com,40,4657.99
2025-12-20,M004,TH,mastercard,Checkout.com,10,1139.85
2025-12-20,M007,ID,gcash,PayMaya,12,1012.99
2025-12-20,M007,ID,mastercard,Adyen,8,387.77
2025-12-20,M007,PH,visa,Checkout.com,11,808.82
2025-12-20,M027,VN,mastercard,Stripe,33,2893.55
2025-12-20,M055,PH,visa,Adyen,34,3547.86
2025-12-21,M001,PH,gcash,PayMaya,9,925.03
2025-12-21,M002,PH,mastercard,Adyen,12,584.78
2025-12-21,M002,PH,visa,Stripe,7,726.22
2025-12-21,M012,VN,visa,Adyen,54,4452.92
2025-12-21,M029,ID,visa,Adyen,41,4486.18
2025-12-22,M001,TH,visa,Stripe,8,584.05
2025-12-22,M002,ID,visa,Stripe,9,666.64
2025-12-22,M002,VN,visa,Stripe,8,875.19
2025-12-22,M003,TH,mastercard,Checkout.com,9,538.44
2025-12-22,M006,TH,visa,Adyen,10,996.81
2025-12-23,M005,TH,mastercard,Checkout.com,7,338.96
2025-12-23,M006,ID,visa,Adyen,11,963.1
2025-12-23,M037,ID,visa,Checkout.com,58,6146.44
2025-12-24,M007,PH,mastercard,Checkout.com,10,515.1
2025-12-24,M018,PH,bank_transfer,Xendit,34,1810.25
2025-12-24,M028,TH,gopay,Midtrans,51,2666.74
2025-12-24,M036,TH,mastercard,Checkout.com,59,2459.82
2025-12-25,M001,VN,mastercard,Stripe,12,647.66
2025-12-25,M002,TH,visa,Adyen,12,1047.5
2025-12-25,M004,TH,gcash,PayMaya,8,571.92
2025-12-25,M005,TH,ovo,Midtrans,10,803.62
2025-12-25,M006,ID,ovo,Midtrans,7,756.63
2025-12-25,M008,TH,bank_transfer,Xendit,12,654.24
2025-12-25,M047,TH,visa,Checkout.com,53,3177.4
2025-12-26,M001,TH,gopay,Midtrans,8,586.41
2025-12-26,M001,VN,ovo,Midtrans,12,838.67
2025-12-26,M005,ID,visa,Stripe,8,385.07
2025-12-26,M020,VN,visa,Adyen,36,1589.65
2025-12-26,M036,VN,visa,Adyen,34,1629.59
2025-12-26,M045,ID,visa,Checkout.com,36,4039.64
2025-12-27,M002,VN,bank_transfer,Xendit,7,729.13
2025-12-27,M004,PH,ovo,Midtrans,7,639.79
2025-12-28,M002,TH,visa,Adyen,7,355.35
2025-12-28,M002,TH,visa,Stripe,8,649.1
2025-12-28,M003,ID,mastercard,Checkout.com,7,539.17
2025-12-28,M004,ID,visa,Adyen,9,820.49
2025-12-28,M004,ID,visa,Stripe,10,511.81
2025-12-28,M005,ID,gcash,PayMaya,9,660.16
2025-12-28,M006,ID,visa,Adyen,10,694.01
2025-12-28,M006,VN,bank_transfer,Xendit,9,595.8
2025-12-29,M002,PH,visa,Stripe,9,853.74
2025-12-29,M003,ID,bank_transfer,Xendit,10,1159.09
2025-12-29,M003,TH,mastercard,Adyen,7,549.31
2025-12-29,M004,TH,bank_transfer,Xendit,10,828.35
2025-12-29,M005,ID,mastercard,Stripe,7,645.45
2025-12-29,M007,ID,mastercard,Checkout.com,7,578.32
2025-12-29,M007,ID,visa,Adyen,8,504.42
2025-12-29,M008,PH,gopay,Midtrans,8,449.54
2025-12-29,M024,PH,gopay,Midtrans,39,4245.44
2025-12-29,M043,PH,mastercard,Checkout.com,58,5170.72
2025-12-29,M049,ID,gopay,Midtrans,60,5883.44
2025-12-30,M001,PH,visa,Adyen,11,1263.63
2025-12-30,M002,TH,ovo,Midtrans,11,1283.81
2025-12-30,M003,VN,mastercard,Adyen,7,612.46
2025-12-30,M005,TH,bank_transfer,Xendit,7,725.26
2025-12-30,M006,ID,visa,Checkout.com,7,421.89
2025-12-30,M007,TH,visa,Adyen,8,380.83
2025-12-30,M013,ID,mastercard,Checkout.com,41,2201.84
2025-12-30,M018,PH,visa,Adyen,42,3603.37
2025-12-30,M037,ID,visa,Adyen,45,3681.47
2025-12-30,M037,PH,mastercard,Adyen,37,3845.76
2025-12-30,M046,ID,visa,Stripe,44,3870.57
2025-12-31,M001,ID,truemoney,Omise,7,347.05
2025-12-31,M001,VN,gopay,Midtrans,11,517.18
2025-12-31,M003,PH,gcash,PayMaya,8,587.91
2025-12-31,M003,TH,mastercard,Checkout.com,7,655.89
2025-12-31,M006,ID,gopay,Midtrans,9,1006.82
2025-12-31,M007,PH,visa,Adyen,7,431.5
2025-12-31,M008,ID,gopay,Midtrans,9,586.4
2025-12-31,M019,TH,mastercard,Checkout.com,57,2953.89
2025-12-31,M046,VN,visa,Adyen,34,2551.1
2025-12-31,M047,ID,bank_transfer,Xendit,48,4721.99
2026-01-01,M001,VN,visa,Checkout.com,8,919.13
2026-01-01,M002,ID,ovo,Midtrans,7,548.45
2026-01-01,M004,VN,ovo,Midtrans,9,1070.37
2026-01-01,M005,VN,visa,Checkout.com,8,928.76
2026-01-01,M006,ID,visa,Stripe,11,1188.47
2026-01-01,M008,ID,gopay,Midtrans,8,398.03
2026-01-01,M021,ID,ovo,Midtrans,41,3890.4
2026-01-01,M021,PH,visa,Stripe,65,4962.45
2026-01-01,M039,TH,bank_transfer,Xendit,36,2290.63
2026-01-02,M001,ID,visa,Stripe,9,678.47
2026-01-02,M002,PH,ovo,Midtrans,10,1134.75
2026-01-02,M002,PH,visa,Stripe,7,341.93
2026-01-02,M003,PH,gopay,Midtrans,7,772.35
2026-01-02,M003,PH,visa,Checkout.com,10,1069.52
2026-01-02,M004,PH,bank_transfer,Xendit,11,1319.21
2026-01-02,M005,ID,gopay,Midtrans,8,736.08
2026-01-02,M005,ID,mastercard,Checkout.com,11,1229.39
2026-01-02,M007,ID,mastercard,Stripe,12,711.19
2026-01-02,M012,PH,mastercard,Stripe,58,5924.2
2026-01-02,M036,ID,visa,Checkout.com,55,6206.81
2026-01-03,M003,PH,mastercard,Checkout.com,8,343.14
2026-01-03,M004,ID,gcash,PayMaya,12,529.59
2026-01-03,M004,ID,gopay,Midtrans,8,832.95
2026-01-03,M004,ID,visa,Adyen,10,1079.53
2026-01-03,M004,PH,visa,Adyen,11,1144.85
2026-01-03,M005,ID,ovo,Midtrans,7,712.38
2026-01-03,M005,PH,visa,Adyen,8,856.31
2026-01-03,M006,TH,mastercard,Stripe,12,673.71
2026-01-03,M022,ID,visa,Adyen,59,4741.39
2026-01-04,M002,ID,ovo,Midtrans,8,723.21
2026-01-04,M004,PH,visa,Adyen,7,366.92
2026-01-04,M004,TH,visa,Stripe,8,443.55
2026-01-04,M005,ID,mastercard,Checkout.com,10,967.92
2026-01-04,M005,ID,mastercard,Stripe,7,622.46
2026-01-04,M008,VN,visa,Adyen,12,1071.66
2026-01-04,M029,ID,visa,Stripe,63,6976.09
2026-01-04,M035,PH,bank_transfer,Xendit,38,2046.31
2026-01-04,M037,VN,visa,Stripe,61,3335.64
2026-01-05,M001,PH,bank_transfer,Xendit,7,536.79
2026-01-05,M004,TH,gopay,Midtrans,7,636.39
2026-01-05,M006,TH,mastercard,Adyen,8,412.88
2026-01-05,M007,ID,gopay,Midtrans,7,448.75
2026-01-05,M008,ID,gopay,Midtrans,8,767.86
2026-01-05,M021,PH,gopay,Midtrans,40,4609.9
2026-01-05,M024,TH,visa,Checkout.com,58,4678.76
2026-01-05,M026,PH,visa,Checkout.com,47,3662.87
2026-01-05,M044,ID,bank_transfer,Xendit,59,2992.93
2026-01-06,M001,ID,visa,Adyen,10,643.76
2026-01-06,M002,ID,visa,Checkout.com,9,799.91
2026-01-06,M002,PH,visa,Stripe,8,583.56
2026-01-06,M002,VN,visa,Stripe,9,516.69
2026-01-06,M004,PH,gopay,Midtrans,8,522.91
2026-01-06,M006,PH,visa,Adyen,12,881.66
2026-01-06,M007,TH,visa,Checkout.com,9,522.43
2026-01-06,M008,ID,gopay,Midtrans,8,682.09
2026-01-06,M008,PH,mastercard,Adyen,8,734.69
2026-01-06,M015,TH,visa,Adyen,40,2611.89
2026-01-06,M019,PH,visa,Stripe,37,3105.47
2026-01-06,M021,ID,bank_transfer,Xendit,46,4143.73
2026-01-06,M028,VN,mastercard,Stripe,48,3888.92
2026-01-07,M002,TH,mastercard,Checkout.com,8,887.3
2026-01-07,M003,PH,visa,Checkout.com,7,562.03
2026-01-07,M005,ID,ovo,Midtrans,8,831.92
2026-01-07,M006,PH,visa,Stripe,10,1069.91
2026-01-07,M007,ID,gopay,Midtrans,9,443.42
2026-01-07,M010,PH,visa,Adyen,62,6656.29
2026-01-07,M014,ID,gopay,Midtrans,63,3934.28
2026-01-07,M055,ID,visa,Checkout.com,49,2638.14
2026-01-07,M055,ID,visa,Stripe,50,4970.77
2026-01-08,M003,ID,mastercard,Stripe,12,1274.09
2026-01-08,M003,PH,ovo,Midtrans,7,488.47
2026-01-08,M003,TH,mastercard,Stripe,11,968.74
2026-01-08,M007,ID,visa,Stripe,11,761.13
2026-01-08,M007,TH,visa,Adyen,7,837.46
2026-01-08,M008,ID,mastercard,Adyen,7,454.14
2026-01-08,M008,ID,mastercard,Stripe,8,771.46
2026-01-08,M008,PH,visa,Stripe,9,821.44
2026-01-08,M009,VN,visa,Adyen,65,3687.1
2026-01-08,M019,PH,ovo,Midtrans,43,2283.3
2026-01-08,M027,ID,mastercard,Checkout.com,57,6093.55
2026-01-08,M035,ID,mastercard,Stripe,33,2787.76
2026-01-08,M043,PH,ovo,Midtrans,36,4292.13
2026-01-09,M001,ID,visa,Checkout.com,11,834.46
2026-01-09,M001,VN,visa,Adyen,9,417.64
2026-01-09,M002,ID,visa,Adyen,7,522.92
2026-01-09,M003,ID,visa,Adyen,9,468.48
2026-01-09,M005,VN,visa,Checkout.com,11,1238.25
2026-01-09,M006,PH,mastercard,Stripe,12,703.54
2026-01-09,M006,VN,gopay,Midtrans,10,792.16
2026-01-09,M008,PH,mastercard,Adyen,8,635.71
2026-01-09,M036,TH,gopay,Midtrans,61,3629.1
2026-01-09,M037,ID,visa,Stripe,36,3276.26
2026-01-09,M052,PH,mastercard,Adyen,40,3744.65
2026-01-10,M001,VN,gopay,Midtrans,7,312.54
2026-01-10,M002,TH,mastercard,Stripe,9,748.46
2026-01-10,M004,ID,mastercard,Stripe,9,968.02
2026-01-10,M004,TH,visa,Stripe,9,913.41
2026-01-10,M006,ID,bank_transfer,Xendit,7,562.68
2026-01-10,M007,PH,bank_transfer,Xendit,7,608.79
2026-01-10,M007,PH,gopay,Midtrans,7,470.73
2026-01-10,M008,ID,mastercard,Adyen,9,742.62
2026-01-10,M020,TH,visa,Stripe,60,4313.05
2026-01-10,M035,ID,ovo,Midtrans,34,3075.86
2026-01-10,M055,PH,bank_transfer,Xendit,56,3758.07
2026-01-11,M002,PH,visa,Stripe,10,419.86
2026-01-11,M002,TH,visa,Adyen,7,531.0
2026-01-11,M003,ID,visa,Adyen,10,878.78
2026-01-11,M005,ID,visa,Stripe,12,746.9
2026-01-11,M005,PH,visa,Stripe,8,725.61
2026-01-11,M006,ID,gopay,Midtrans,7,627.4
2026-01-11,M007,ID,bank_transfer,Xendit,9,908.23
2026-01-11,M008,ID,ovo,Midtrans,7,683.59
2026-01-11,M026,TH,visa,Checkout.com,33,3384.49
2026-01-11,M030,VN,ovo,Midtrans,35,1719.49
2026-01-11,M034,ID,mastercard,Stripe,38,2857.87
2026-01-12,M001,PH,visa,Stripe,8,738.63
2026-01-12,M001,TH,gopay,Midtrans,7,831.36
2026-01-12,M004,TH,mastercard,Adyen,10,987.0
2026-01-12,M006,ID,truemoney,Omise,8,541.76
2026-01-12,M028,TH,visa,Checkout.com,59,2553.27
2026-01-12,M046,ID,ovo,Midtrans,37,2929.51
2026-01-12,M051,PH,visa,Stripe,33,2547.53
2026-01-13,M001,VN,mastercard,Adyen,7,510.48
2026-01-13,M002,PH,gopay,Midtrans,7,327.5
2026-01-13,M002,TH,bank_transfer,Xendit,8,833.32
2026-01-13,M004,ID,gopay,Midtrans,7,740.65
2026-01-13,M004,ID,mastercard,Checkout.com,12,837.79
2026-01-13,M004,TH,gopay,Midtrans,12,584.91
2026-01-13,M007,TH,bank_transfer,Xendit,8,776.49
2026-01-13,M007,VN,visa,Stripe,7,764.66
2026-01-13,M008,PH,visa,Adyen,8,832.56
2026-01-13,M039,ID,mastercard,Checkout.com,63,3702.06
2026-01-13,M042,TH,gopay,Midtrans,41,4454.65
2026-01-13,M053,ID,gopay,Midtrans,66,5357.24
2026-01-14,M001,PH,visa,Adyen,8,338.95
2026-01-14,M001,TH,mastercard,Stripe,9,1004.86
2026-01-14,M001,TH,ovo,Midtrans,8,472.1
2026-01-14,M002,ID,bank_transfer,Xendit,7,474.9
2026-01-14,M003,TH,mastercard,Stripe,7,447.41
2026-01-14,M003,VN,visa,Checkout.com,8,574.04
2026-01-14,M004,ID,ovo,Midtrans,10,1109.25
2026-01-14,M004,ID,visa,Stripe,10,467.85
2026-01-14,M006,ID,mastercard,Adyen,9,876.7
2026-01-14,M006,PH,gopay,Midtrans,7,839.3
2026-01-14,M006,TH,ovo,Midtrans,10,726.35
2026-01-14,M006,VN,ovo,Midtrans,11,945.89
2026-01-14,M012,ID,mastercard,Adyen,33,3170.33
2026-01-14,M014,ID,visa,Checkout.com,41,2926.97
2026-01-14,M022,ID,truemoney,Omise,34,2711.61
2026-01-14,M027,TH,gopay,Midtrans,58,4015.36
2026-01-14,M030,ID,mastercard,Stripe,62,3481.82
2026-01-15,M001,PH,mastercard,Checkout.com,12,915.15
2026-01-15,M003,PH,ovo,Midtrans,8,539.71
2026-01-15,M004,ID,visa,Stripe,9,1050.63
2026-01-15,M007,PH,mastercard,Stripe,7,582.88
2026-01-15,M023,PH,ovo,Midtrans,51,5699.75
2026-01-15,M031,ID,mastercard,Adyen,53,3499.45
2026-01-15,M039,ID,mastercard,Checkout.com,34,2800.35
2026-01-15,M052,PH,truemoney,Omise,38,3315.86
2026-01-16,M002,PH,mastercard,Adyen,8,511.61
2026-01-16,M004,ID,visa,Checkout.com,10,657.99
2026-01-16,M005,TH,visa,Stripe,11,1209.4
2026-01-16,M007,TH,visa,Stripe,10,849.19
2026-01-16,M008,TH,bank_transfer,Xendit,7,718.94
2026-01-16,M008,VN,visa,Checkout.com,9,702.91
2026-01-16,M020,ID,truemoney,Omise,33,3100.94
2026-01-16,M034,PH,visa,Adyen,36,4039.36
2026-01-17,M002,PH,gopay,Midtrans,7,383.7
2026-01-17,M003,PH,visa,Checkout.com,8,385.21
2026-01-17,M004,VN,mastercard,Adyen,8,931.42
2026-01-17,M005,ID,ovo,Midtrans,9,671.74
2026-01-17,M006,ID,ovo,Midtrans,12,1401.38
2026-01-17,M006,TH,truemoney,Omise,11,476.15
2026-01-17,M007,ID,gopay,Midtrans,10,452.42
2026-01-17,M007,VN,mastercard,Checkout.com,9,731.58
2026-01-17,M018,TH,bank_transfer,Xendit,50,2203.84
2026-01-17,M043,PH,mastercard,Checkout.com,59,4174.86
2026-01-17,M047,PH,truemoney,Omise,62,5943.02
2026-01-17,M048,ID,mastercard,Adyen,55,3529.11
2026-01-17,M051,ID,visa,Adyen,47,3446.45
2026-01-18,M001,ID,gcash,PayMaya,12,587.59
2026-01-18,M002,ID,ovo,Midtrans,7,280.69
2026-01-18,M002,ID,truemoney,Omise,9,712.44
2026-01-18,M003,PH,visa,Stripe,10,745.06
2026-01-18,M004,ID,ovo,Midtrans,7,751.07
2026-01-18,M004,ID,visa,Stripe,10,657.99
2026-01-18,M007,TH,gopay,Midtrans,10,783.89
2026-01-18,M023,TH,ovo,Midtrans,39,2272.15
2026-01-18,M035,TH,gopay,Midtrans,50,5721.54
2026-01-18,M042,ID,gopay,Midtrans,63,4842.28
2026-01-19,M003,ID,mastercard,Stripe,8,416.29
2026-01-19,M003,ID,visa,Adyen,12,612.68
2026-01-19,M005,TH,visa,Adyen,7,285.19
2026-01-19,M008,ID,visa,Stripe,10,425.03
2026-01-19,M010,PH,ovo,Midtrans,60,5376.72
2026-01-19,M017,TH,bank_transfer,Xendit,53,4533.46
2026-01-19,M022,TH,visa,Stripe,41,4426.15
2026-01-19,M029,ID,visa,Checkout.com,66,7145.79
2026-01-20,M003,ID,bank_transfer,Xendit,8,424.16
2026-01-20,M003,ID,ovo,Midtrans,7,759.08
2026-01-20,M004,ID,mastercard,Stripe,10,1135.03
2026-01-20,M004,PH,gopay,Midtrans,9,794.47
2026-01-20,M004,VN,mastercard,Stripe,7,482.46
2026-01-20,M005,ID,mastercard,Stripe,7,458.3
2026-01-20,M008,TH,mastercard,Stripe,7,616.41
2026-01-20,M038,PH,visa,Adyen,54,3948.59
2026-01-21,M001,VN,mastercard,Stripe,10,462.49
2026-01-21,M003,ID,mastercard,Stripe,12,812.62
2026-01-21,M004,ID,visa,Checkout.com,12,638.87
2026-01-21,M004,PH,mastercard,Stripe,8,773.18
2026-01-21,M006,TH,gopay,Midtrans,8,522.98
2026-01-21,M008,ID,bank_transfer,Xendit,7,612.55
2026-01-21,M008,ID,gcash,PayMaya,11,566.47
2026-01-21,M035,ID,gcash,PayMaya,39,2099.59
2026-01-22,M001,ID,visa,Checkout.com,9,1074.08
2026-01-22,M003,ID,ovo,Midtrans,12,495.92
2026-01-22,M005,PH,mastercard,Stripe,7,607.4
2026-01-22,M005,TH,bank_transfer,Xendit,11,1229.63
2026-01-22,M027,ID,visa,Adyen,35,2901.36
2026-01-22,M035,VN,mastercard,Checkout.com,41,2536.05
2026-01-22,M039,ID,visa,Adyen,63,5516.62
2026-01-22,M049,ID,mastercard,Checkout.com,51,4747.57
2026-01-23,M002,ID,bank_transfer,Xendit,7,290.17
2026-01-23,M004,TH,visa,Checkout.com,8,468.02
2026-01-23,M004,TH,visa,Stripe,7,422.05
2026-01-23,M005,ID,gcash,PayMaya,8,674.27
2026-01-23,M054,ID,visa,Checkout.com,47,4427.85
2026-01-24,M001,PH,bank_transfer,Xendit,8,682.84
2026-01-24,M003,TH,visa,Checkout.com,7,830.71
2026-01-24,M005,ID,visa,Adyen,9,730.5
2026-01-24,M006,ID,mastercard,Stripe,12,1244.19
2026-01-24,M007,ID,visa,Adyen,8,581.1
2026-01-24,M008,ID,truemoney,Omise,11,1222.9
2026-01-24,M008,ID,visa,Checkout.com,9,851.46
2026-01-24,M008,PH,gcash,PayMaya,11,1286.16
2026-01-24,M008,VN,ovo,Midtrans,11,615.6
2026-01-25,M001,PH,mastercard,Adyen,7,791.05
2026-01-25,M001,TH,gopay,Midtrans,10,775.84
2026-01-25,M002,ID,mastercard,Checkout.com,8,882.15
2026-01-25,M002,PH,gcash,PayMaya,9,732.25
2026-01-25,M004,TH,visa,Checkout.com,8,787.93
2026-01-25,M005,TH,ovo,Midtrans,7,599.16
2026-01-25,M007,ID,bank_transfer,Xendit,11,1235.5
2026-01-25,M007,ID,gcash,PayMaya,7,726.93
2026-01-25,M007,ID,ovo,Midtrans,11,619.87
2026-01-25,M025,TH,ovo,Midtrans,38,1590.35
2026-01-25,M031,ID,mastercard,Checkout.com,33,2315.66
2026-01-25,M044,VN,visa,Adyen,38,4218.22
2026-01-25,M055,ID,bank_transfer,Xendit,47,3079.94
2026-01-26,M001,ID,visa,Checkout.com,8,691.83
2026-01-26,M001,VN,visa,Adyen,9,793.28
2026-01-26,M002,ID,visa,Checkout.com,7,541.88
2026-01-26,M002,VN,visa,Adyen,10,701.76
2026-01-26,M005,ID,gopay,Midtrans,9,454.4
2026-01-26,M005,ID,mastercard,Adyen,11,1042.41
2026-01-26,M005,TH,bank_transfer,Xendit,9,1047.53
2026-01-26,M006,ID,gopay,Midtrans,10,479.14
2026-01-26,M006,VN,mastercard,Checkout.com,7,773.38
2026-01-26,M038,PH,visa,Stripe,52,2920.69
2026-01-26,M043,PH,mastercard,Checkout.com,56,4578.62
2026-01-27,M001,TH,ovo,Midtrans,9,546.8
2026-01-27,M002,ID,visa,Stripe,12,942.23
2026-01-27,M002,TH,ovo,Midtrans,7,645.41
2026-01-27,M003,ID,mastercard,Stripe,9,439.7
2026-01-27,M003,ID,ovo,Midtrans,10,635.82
2026-01-27,M003,ID,visa,Checkout.com,15,1652.05
2026-01-27,M004,ID,visa,Stripe,14,1662.72
2026-01-27,M004,PH,visa,Stripe,7,813.68
2026-01-27,M005,PH,visa,Checkout.com,11,561.26
2026-01-27,M006,ID,visa,Adyen,10,842.32
2026-01-27,M006,PH,visa,Checkout.com,11,1184.3
2026-01-27,M007,PH,ovo,Midtrans,8,667.11
2026-01-27,M007,TH,gcash,PayMaya,11,662.86
2026-01-27,M008,ID,visa,Adyen,11,1189.7
2026-01-27,M016,ID,mastercard,Stripe,42,4150.03
2026-01-27,M037,TH,visa,Checkout.com,51,3554.71
2026-01-27,M039,ID,mastercard,Checkout.com,47,4737.66
2026-01-27,M045,ID,visa,Stripe,37,2092.17
2026-01-27,M049,PH,mastercard,Adyen,34,1688.18
2026-01-27,M050,TH,mastercard,Stripe,35,1681.11
2026-01-28,M001,PH,visa,Stripe,10,1077.18
2026-01-28,M002,ID,bank_transfer,Xendit,11,803.94
2026-01-28,M002,ID,gopay,Midtrans,18,1073.17
2026-01-28,M002,ID,mastercard,Adyen,8,864.85
2026-01-28,M003,ID,gopay,Midtrans,15,1007.19
2026-01-28,M004,TH,visa,Adyen,8,478.98
2026-01-28,M004,TH,visa,Stripe,10,529.0
2026-01-28,M004,VN,visa,Adyen,7,777.27
2026-01-28,M005,PH,truemoney,Omise,7,569.89
2026-01-28,M006,ID,ovo,Midtrans,9,741.42
2026-01-28,M006,TH,mastercard,Adyen,8,598.12
2026-01-28,M007,TH,bank_transfer,Xendit,22,1101.17
2026-01-28,M008,ID,gopay,Midtrans,7,549.94
2026-01-28,M008,PH,visa,Adyen,7,371.6
2026-01-28,M009,TH,mastercard,Adyen,42,2377.93
2026-01-28,M013,ID,visa,Stripe,53,2247.43
2026-01-28,M014,ID,gopay,Midtrans,59,6687.52
2026-01-28,M026,VN,mastercard,Adyen,50,4432.52
2026-01-28,M032,ID,gopay,Midtrans,45,3241.62
2026-01-28,M035,ID,visa,Adyen,43,2364.1
2026-01-29,M001,PH,mastercard,Checkout.com,7,738.25
2026-01-29,M002,VN,mastercard,Stripe,8,620.01
2026-01-29,M006,VN,ovo,Midtrans,11,1250.19
2026-01-29,M007,PH,gcash,PayMaya,9,396.08
2026-01-29,M007,PH,gopay,Midtrans,9,932.01
2026-01-29,M007,PH,mastercard,Stripe,8,800.54
2026-01-29,M008,VN,visa,Checkout.com,7,398.69
2026-01-29,M015,ID,gopay,Midtrans,34,2551.33
2026-01-29,M015,PH,gopay,Midtrans,40,1607.39
2026-01-29,M017,VN,mastercard,Stripe,33,2061.57
2026-01-29,M019,TH,visa,Checkout.com,62,4752.98
2026-01-29,M021,ID,visa,Adyen,59,3078.98
2026-01-29,M047,VN,mastercard,Checkout.com,40,2857.37
2026-01-30,M001,ID,gopay,Midtrans,7,458.73
2026-01-30,M001,TH,bank_transfer,Xendit,8,615.1
2026-01-30,M002,ID,mastercard,Checkout.com,16,1407.61
2026-01-30,M002,ID,ovo,Midtrans,9,1044.04
2026-01-30,M002,VN,visa,Adyen,9,487.61
2026-01-30,M003,TH,visa,Checkout.com,8,861.44
2026-01-30,M004,ID,visa,Adyen,12,911.65
2026-01-30,M004,PH,visa,Checkout.com,7,699.79
2026-01-30,M004,TH,mastercard,Adyen,7,577.59
2026-01-30,M005,ID,gcash,PayMaya,8,513.59
2026-01-30,M005,ID,visa,Checkout.com,7,485.15
2026-01-30,M006,ID,mastercard,Adyen,8,578.01
2026-01-30,M006,PH,bank_transfer,Xendit,8,780.66
2026-01-30,M007,PH,mastercard,Checkout.com,9,1013.1
2026-01-30,M008,ID,gopay,Midtrans,9,825.89
2026-01-30,M008,ID,ovo,Midtrans,9,653.87
2026-01-30,M008,PH,visa,Checkout.com,9,450.58
2026-01-30,M012,TH,visa,Stripe,61,5697.35
2026-01-30,M013,ID,bank_transfer,Xendit,40,3721.31
2026-01-30,M015,TH,ovo,Midtrans,65,4298.04
2026-01-30,M026,TH,mastercard,Stripe,55,5623.87
2026-01-30,M045,ID,bank_transfer,Xendit,35,2090.71
2026-01-30,M048,TH,visa,Adyen,39,1963.61
2026-01-31,M001,ID,mastercard,Checkout.com,10,510.92
2026-01-31,M002,ID,gcash,PayMaya,10,939.79
2026-01-31,M002,PH,mastercard,Checkout.com,7,393.41
2026-01-31,M002,TH,mastercard,Stripe,8,768.89
2026-01-31,M002,VN,mastercard,Stripe,7,621.63
2026-01-31,M003,TH,gopay,Midtrans,10,900.38
2026-01-31,M005,VN,ovo,Midtrans,10,1180.9
2026-01-31,M007,ID,ovo,Midtrans,9,853.51
2026-01-31,M007,TH,mastercard,Checkout.com,12,864.06
2026-01-31,M008,VN,visa,Stripe,7,621.73
2026-01-31,M024,ID,visa,Checkout.com,46,5284.25
2026-01-31,M030,ID,visa,Adyen,35,2302.2
2026-01-31,M033,PH,visa,Adyen,43,3405.0
2026-01-31,M034,VN,visa,Adyen,40,2669.16
2026-01-31,M037,ID,visa,Adyen,53,5989.73
2026-01-31,M039,PH,visa,Stripe,34,3653.84
2026-01-31,M043,ID,visa,Checkout.com,33,3286.78
2026-01-31,M050,PH,mastercard,Stripe,37,3737.27
2026-01-31,M050,PH,visa,Checkout.com,45,3443.23
2026-02-01,M001,ID,ovo,Midtrans,10,915.86
2026-02-01,M001,PH,visa,Adyen,10,606.25
2026-02-01,M001,TH,gopay,Midtrans,17,1237.58
2026-02-01,M001,TH,visa,Checkout.com,10,1052.84
2026-02-01,M002,ID,mastercard,Adyen,7,373.91
2026-02-01,M002,PH,gcash,PayMaya,12,802.68
2026-02-01,M003,ID,gopay,Midtrans,7,749.94
2026-02-01,M003,TH,visa,Stripe,11,1121.42
2026-02-01,M004,ID,visa,Adyen,11,783.26
2026-02-01,M004,ID,visa,Checkout.com,7,387.85
2026-02-01,M005,ID,gcash,PayMaya,11,812.06
2026-02-01,M005,TH,bank_transfer,Xendit,8,917.06
2026-02-01,M005,TH,ovo,Midtrans,7,319.0
2026-02-01,M006,PH,gopay,Midtrans,11,1135.85
2026-02-01,M008,ID,mastercard,Adyen,10,1107.88
2026-02-01,M008,ID,visa,Adyen,8,391.58
2026-02-01,M008,PH,gcash,PayMaya,7,378.76
2026-02-01,M008,PH,mastercard,Adyen,9,757.57
2026-02-01,M016,PH,truemoney,Omise,44,4175.29
2026-02-01,M037,TH,ovo,Midtrans,40,4774.53
2026-02-01,M038,ID,bank_transfer,Xendit,33,2683.45
2026-02-01,M045,VN,visa,Checkout.com,60,5893.65
2026-02-01,M055,VN,mastercard,Adyen,33,2160.38
2026-02-02,M001,ID,visa,Adyen,9,665.84
2026-02-02,M001,PH,bank_transfer,Xendit,12,1125.37
2026-02-02,M002,PH,mastercard,Adyen,9,926.97
2026-02-02,M002,VN,visa,Stripe,7,739.89
2026-02-02,M003,ID,mastercard,Checkout.com,9,591.51
2026-02-02,M003,PH,visa,Adyen,8,832.89
2026-02-02,M005,ID,mastercard,Stripe,9,1002.98
2026-02-02,M005,ID,visa,Adyen,11,1213.58
2026-02-02,M005,PH,visa,Stripe,11,575.1
2026-02-02,M005,TH,bank_transfer,Xendit,8,363.21
2026-02-02,M005,TH,mastercard,Adyen,12,480.5
2026-02-02,M006,PH,visa,Stripe,9,917.73
2026-02-02,M007,ID,mastercard,Checkout.com,12,1106.17
2026-02-02,M007,TH,truemoney,Omise,7,374.08
2026-02-02,M007,VN,bank_transfer,Xendit,11,1197.5
2026-02-02,M008,ID,ovo,Midtrans,7,581.81
2026-02-02,M008,PH,mastercard,Adyen,7,331.94
2026-02-02,M046,VN,visa,Adyen,47,4654.12
2026-02-03,M001,ID,mastercard,Checkout.com,10,1001.86
2026-02-03,M001,ID,visa,Checkout.com,9,900.19
2026-02-03,M001,PH,ovo,Midtrans,9,624.89
2026-02-03,M002,ID,mastercard,Stripe,10,566.7
2026-02-03,M002,PH,gcash,PayMaya,7,346.59
2026-02-03,M002,TH,gopay,Midtrans,11,595.14
2026-02-03,M002,TH,visa,Stripe,11,1164.33
2026-02-03,M002,VN,mastercard,Checkout.com,9,1073.08
2026-02-03,M003,ID,ovo,Midtrans,11,1015.12
2026-02-03,M003,ID,visa,Adyen,9,642.9
2026-02-03,M004,ID,visa,Adyen,7,826.33
2026-02-03,M005,VN,bank_transfer,Xendit,7,387.69
2026-02-03,M006,VN,ovo,Midtrans,10,924.86
2026-02-03,M007,ID,visa,Adyen,10,987.78
2026-02-03,M007,PH,mastercard,Adyen,8,672.58
2026-02-03,M008,ID,gopay,Midtrans,7,677.9
2026-02-03,M008,TH,visa,Adyen,12,527.48
2026-02-03,M022,ID,mastercard,Stripe,41,3234.71
2026-02-03,M029,ID,visa,Adyen,52,3821.61
2026-02-03,M046,PH,mastercard,Stripe,37,3926.77
2026-02-03,M048,ID,bank_transfer,Xendit,42,2974.84
2026-02-03,M053,ID,gopay,Midtrans,52,4251.18
2026-02-03,M053,PH,mastercard,Adyen,50,4256.38
2026-02-04,M001,ID,gcash,PayMaya,8,362.29
2026-02-04,M001,VN,gopay,Midtrans,12,683.79
2026-02-04,M002,TH,gopay,Midtrans,14,1283.85
2026-02-04,M003,ID,visa,Checkout.com,11,1223.43
2026-02-04,M003,PH,visa,Adyen,9,702.79
2026-02-04,M004,ID,visa,Adyen,7,313.31
2026-02-04,M004,TH,mastercard,Checkout.com,10,868.62
2026-02-04,M005,ID,gcash,PayMaya,10,943.62
2026-02-04,M005,PH,bank_transfer,Xendit,10,479.33
2026-02-04,M005,VN,bank_transfer,Xendit,10,738.19
2026-02-04,M006,ID,visa,Stripe,11,558.53
2026-02-04,M006,PH,bank_transfer,Xendit,7,459.42
2026-02-04,M008,PH,mastercard,Checkout.com,9,399.79
2026-02-04,M021,ID,visa,Stripe,49,2998.04
2026-02-04,M021,PH,mastercard,Checkout.com,41,2313.68
2026-02-04,M049,PH,gopay,Midtrans,35,4003.07
2026-02-05,M001,ID,visa,Adyen,11,534.51
2026-02-05,M001,PH,visa,Stripe,11,985.22
2026-02-05,M002,ID,gopay,Midtrans,11,1190.1
2026-02-05,M002,ID,mastercard,Stripe,7,739.09
2026-02-05,M002,PH,gopay,Midtrans,8,957.87
2026-02-05,M002,TH,bank_transfer,Xendit,12,865.21
2026-02-05,M002,VN,mastercard,Adyen,10,1158.92
2026-02-05,M002,VN,visa,Adyen,8,835.96
2026-02-05,M003,ID,visa,Adyen,11,1301.2
2026-02-05,M003,ID,visa,Checkout.com,9,715.44
2026-02-05,M003,ID,visa,Stripe,7,493.21
2026-02-05,M004,ID,truemoney,Omise,9,781.02
2026-02-05,M005,TH,mastercard,Checkout.com,11,722.56
2026-02-05,M005,TH,visa,Adyen,10,482.63
2026-02-05,M005,VN,mastercard,Stripe,7,610.03
2026-02-05,M006,VN,bank_transfer,Xendit,9,654.24
2026-02-05,M007,ID,gopay,Midtrans,9,815.87
2026-02-05,M007,ID,visa,Stripe,7,802.36
2026-02-05,M008,ID,gopay,Midtrans,9,597.07
2026-02-05,M008,ID,visa,Stripe,9,768.91
2026-02-05,M008,PH,mastercard,Adyen,9,834.3
2026-02-05,M021,VN,mastercard,Adyen,42,2757.6
2026-02-05,M040,ID,mastercard,Checkout.com,49,3444.08
2026-02-05,M047,ID,mastercard,Adyen,60,3197.1
2026-02-05,M050,ID,ovo,Midtrans,38,2702.85
2026-02-06,M001,PH,mastercard,Stripe,10,850.14
2026-02-06,M001,TH,mastercard,Stripe,7,424.16
2026-02-06,M002,VN,visa,Checkout.com,7,799.4
2026-02-06,M003,PH,mastercard,Checkout.com,8,748.13
2026-02-06,M003,TH,ovo,Midtrans,12,1387.7
2026-02-06,M005,ID,mastercard,Stripe,9,1025.21
2026-02-06,M005,PH,truemoney,Omise,8,322.96
2026-02-06,M005,TH,gopay,Midtrans,12,1133.2
2026-02-06,M007,TH,mastercard,Stripe,8,336.98
2026-02-06,M008,ID,mastercard,Adyen,8,865.37
2026-02-06,M008,ID,visa,Checkout.com,9,695.35
2026-02-06,M008,ID,visa,Stripe,12,1235.18
2026-02-06,M014,TH,mastercard,Adyen,50,5515.05
2026-02-06,M027,ID,gopay,Midtrans,48,4089.9
2026-02-06,M038,ID,ovo,Midtrans,52,2748.05
2026-02-06,M042,ID,truemoney,Omise,37,2949.91
2026-02-06,M044,PH,mastercard,Adyen,43,5041.03
2026-02-07,M001,TH,truemoney,Omise,7,759.16
2026-02-07,M002,PH,mastercard,Checkout.com,10,875.42
2026-02-07,M002,TH,mastercard,Checkout.com,7,489.7
2026-02-07,M003,ID,gcash,PayMaya,11,1153.65
2026-02-07,M003,PH,visa,Stripe,9,766.36
2026-02-07,M003,TH,ovo,Midtrans,7,620.04
2026-02-07,M005,PH,visa,Stripe,9,626.39
2026-02-07,M005,TH,visa,Stripe,9,445.25
2026-02-07,M005,VN,mastercard,Checkout.com,7,749.12
2026-02-07,M006,ID,mastercard,Adyen,10,643.04
2026-02-07,M006,TH,gopay,Midtrans,7,293.42
2026-02-07,M007,PH,truemoney,Omise,8,616.75
2026-02-07,M007,PH,visa,Stripe,8,424.57
2026-02-07,M010,TH,bank_transfer,Xendit,39,2735.41
2026-02-07,M016,ID,ovo,Midtrans,41,1771.51
2026-02-07,M036,PH,mastercard,Stripe,45,3680.1
2026-02-07,M039,ID,visa,Checkout.com,54,2763.17
2026-02-07,M045,PH,visa,Adyen,56,3781.75
2026-02-08,M001,ID,mastercard,Checkout.com,11,1273.64
2026-02-08,M001,VN,ovo,Midtrans,9,942.46
2026-02-08,M001,VN,visa,Checkout.com,7,325.21
2026-02-08,M002,TH,gcash,PayMaya,8,877.7
2026-02-08,M003,TH,visa,Checkout.com,8,594.58
2026-02-08,M004,ID,gopay,Midtrans,9,385.85
2026-02-08,M004,PH,visa,Stripe,8,955.87
2026-02-08,M005,ID,ovo,Midtrans,7,302.62
2026-02-08,M006,VN,ovo,Midtrans,8,513.13
2026-02-08,M007,PH,mastercard,Stripe,7,305.26
2026-02-08,M007,VN,gopay,Midtrans,7,748.99
2026-02-08,M011,PH,gcash,PayMaya,59,2642.37
2026-02-08,M016,TH,gcash,PayMaya,36,1888.58
2026-02-08,M020,PH,mastercard,Checkout.com,43,4870.16
2026-02-08,M036,PH,gopay,Midtrans,42,3014.7
2026-02-09,M001,ID,bank_transfer,Xendit,9,405.44
2026-02-09,M003,ID,mastercard,Stripe,7,453.97
2026-02-09,M003,PH,visa,Stripe,10,628.84
2026-02-09,M004,ID,bank_transfer,Xendit,7,332.8
2026-02-09,M004,ID,mastercard,Stripe,7,676.39
2026-02-09,M006,ID,visa,Checkout.com,7,826.5
2026-02-09,M007,ID,visa,Stripe,7,808.29
2026-02-09,M024,PH,mastercard,Checkout.com,59,6116.12
2026-02-09,M029,TH,visa,Stripe,43,3589.62
2026-02-09,M030,ID,mastercard,Adyen,35,4121.05
2026-02-09,M030,TH,visa,Adyen,39,3066.77
2026-02-09,M035,PH,gcash,PayMaya,45,3190.83
2026-02-09,M037,TH,visa,Stripe,48,3423.39
2026-02-09,M044,PH,visa,Stripe,61,2817.89
2026-02-09,M054,ID,visa,Stripe,37,2800.38
2026-02-10,M001,ID,mastercard,Stripe,7,622.84
2026-02-10,M001,PH,gcash,PayMaya,12,631.22
2026-02-10,M001,PH,visa,Adyen,10,1180.59
2026-02-10,M002,ID,gopay,Midtrans,10,812.6
2026-02-10,M002,ID,visa,Stripe,7,827.23
2026-02-10,M002,VN,mastercard,Adyen,10,439.29
2026-02-10,M003,TH,gopay,Midtrans,11,495.73
2026-02-10,M004,VN,mastercard,Stripe,10,854.86
2026-02-10,M006,ID,gopay,Midtrans,7,580.84
2026-02-10,M006,ID,ovo,Midtrans,8,449.2
2026-02-10,M006,ID,visa,Stripe,7,625.96
2026-02-10,M006,TH,visa,Adyen,7,811.35
2026-02-10,M007,PH,visa,Stripe,9,425.22
2026-02-10,M007,TH,ovo,Midtrans,10,750.27
2026-02-10,M020,TH,ovo,Midtrans,34,2389.0
2026-02-10,M030,PH,visa,Stripe,37,3079.81
2026-02-10,M049,PH,mastercard,Checkout.com,56,3676.89
2026-02-10,M051,VN,ovo,Midtrans,40,3753.13
2026-02-11,M001,ID,gopay,Midtrans,9,524.62
2026-02-11,M001,TH,visa,Checkout.com,8,428.08
2026-02-11,M001,TH,visa,Stripe,7,385.23
2026-02-11,M003,PH,visa,Checkout.com,11,877.93
2026-02-11,M006,PH,mastercard,Checkout.com,8,645.24
2026-02-11,M006,VN,gopay,Midtrans,9,1076.27
2026-02-11,M007,ID,mastercard,Checkout.com,9,704.12
2026-02-11,M008,PH,ovo,Midtrans,9,408.11
2026-02-11,M011,TH,mastercard,Adyen,41,2387.73
2026-02-11,M023,ID,visa,Adyen,40,1762.67
2026-02-11,M051,ID,gopay,Midtrans,33,2558.17
2026-02-12,M001,ID,mastercard,Adyen,7,546.31
2026-02-12,M001,ID,mastercard,Checkout.com,11,1163.55
2026-02-12,M001,PH,mastercard,Checkout.com,8,820.32
2026-02-12,M002,ID,bank_transfer,Xendit,18,1638.63
2026-02-12,M002,ID,ovo,Midtrans,7,633.4
2026-02-12,M002,PH,visa,Checkout.com,9,837.02
2026-02-12,M003,ID,visa,Adyen,8,934.78
2026-02-12,M003,PH,ovo,Midtrans,9,666.06
2026-02-12,M005,ID,gopay,Midtrans,7,563.23
2026-02-12,M005,TH,visa,Checkout.com,8,614.21
2026-02-12,M006,ID,mastercard,Stripe,10,996.16
2026-02-12,M006,TH,gopay,Midtrans,11,614.75
2026-02-12,M007,VN,mastercard,Adyen,8,798.25
2026-02-12,M008,ID,ovo,Midtrans,7,432.65
2026-02-12,M008,VN,visa,Checkout.com,11,1281.32
2026-02-12,M016,ID,mastercard,Stripe,57,3181.36
2026-02-12,M035,ID,visa,Stripe,51,4199.92
2026-02-12,M048,VN,gopay,Midtrans,35,3529.53
2026-02-13,M001,ID,visa,Adyen,8,432.12
2026-02-13,M002,PH,gopay,Midtrans,9,704.45
2026-02-13,M002,PH,mastercard,Stripe,11,680.62
2026-02-13,M002,TH,gcash,PayMaya,10,501.82
2026-02-13,M003,ID,mastercard,Adyen,8,771.22
2026-02-13,M003,ID,visa,Stripe,11,863.39
2026-02-13,M004,ID,bank_transfer,Xendit,7,698.87
2026-02-13,M004,PH,mastercard,Stripe,7,531.01
2026-02-13,M005,ID,ovo,Midtrans,7,414.82
2026-02-13,M006,PH,mastercard,Stripe,9,486.98
2026-02-13,M006,TH,visa,Stripe,9,642.28
2026-02-13,M007,TH,mastercard,Checkout.com,10,1001.42
2026-02-13,M007,TH,visa,Stripe,10,618.24
2026-02-13,M015,ID,mastercard,Checkout.com,58,4356.13
2026-02-13,M022,PH,gopay,Midtrans,51,3546.63
2026-02-13,M036,ID,gopay,Midtrans,53,5355.78
2026-02-14,M001,ID,visa,Checkout.com,7,558.84
2026-02-14,M001,TH,gopay,Midtrans,8,874.99
2026-02-14,M001,TH,visa,Adyen,7,623.57
2026-02-14,M002,TH,ovo,Midtrans,7,788.82
2026-02-14,M002,VN,mastercard,Stripe,7,538.12
2026-02-14,M003,TH,gopay,Midtrans,11,453.91
2026-02-14,M003,TH,visa,Adyen,9,715.91
2026-02-14,M004,VN,truemoney,Omise,9,769.08
2026-02-14,M005,ID,visa,Checkout.com,8,855.43
2026-02-14,M005,PH,gopay,Midtrans,11,638.16
2026-02-14,M005,TH,visa,Adyen,7,754.79
2026-02-14,M006,PH,mastercard,Adyen,7,768.83
2026-02-14,M006,TH,mastercard,Checkout.com,7,456.03
2026-02-14,M007,TH,visa,Adyen,9,553.02
2026-02-14,M016,ID,ovo,Midtrans,41,4719.28
2026-02-14,M019,ID,gcash,PayMaya,49,4143.45
2026-02-15,M002,TH,mastercard,Stripe,10,535.84
2026-02-15,M003,VN,gopay,Midtrans,10,446.36
2026-02-15,M004,VN,ovo,Midtrans,7,505.61
2026-02-15,M005,ID,mastercard,Stripe,7,661.54
2026-02-15,M005,PH,gopay,Midtrans,10,540.37
2026-02-15,M006,TH,mastercard,Stripe,7,428.24
2026-02-15,M007,PH,visa,Checkout.com,7,358.43
2026-02-15,M018,PH,visa,Checkout.com,39,4101.16
2026-02-15,M019,ID,gopay,Midtrans,53,3291.12
2026-02-15,M040,TH,visa,Adyen,33,2018.54
2026-02-15,M048,ID,bank_transfer,Xendit,46,3431.66
2026-02-16,M002,ID,mastercard,Stripe,10,1020.63
2026-02-16,M002,ID,visa,Stripe,7,491.86
2026-02-16,M002,PH,mastercard,Checkout.com,7,399.32
2026-02-16,M003,ID,visa,Checkout.com,12,1028.32
2026-02-16,M003,TH,ovo,Midtrans,7,301.64
2026-02-16,M004,VN,ovo,Midtrans,10,815.13
2026-02-16,M005,ID,visa,Stripe,7,329.86
2026-02-16,M005,PH,visa,Adyen,9,897.89
2026-02-16,M006,ID,gcash,PayMaya,9,495.96
2026-02-16,M007,TH,visa,Stripe,10,728.04
2026-02-16,M017,VN,gopay,Midtrans,45,4902.53
2026-02-16,M032,ID,gopay,Midtrans,40,3809.29
2026-02-16,M035,VN,visa,Stripe,33,2407.27
2026-02-16,M046,VN,visa,Stripe,47,5351.78
2026-02-16,M047,VN,bank_transfer,Xendit,53,5214.42
2026-02-17,M001,PH,gcash,PayMaya,7,334.76
2026-02-17,M002,TH,gopay,Midtrans,9,504.4
2026-02-17,M003,ID,mastercard,Checkout.com,10,771.06
2026-02-17,M003,ID,ovo,Midtrans,10,1036.85
2026-02-17,M003,PH,ovo,Midtrans,7,729.52
2026-02-17,M003,TH,ovo,Midtrans,10,619.31
2026-02-17,M004,TH,visa,Adyen,10,508.03
2026-02-17,M005,ID,mastercard,Stripe,7,505.15
2026-02-17,M007,ID,visa,Stripe,10,1077.34
2026-02-17,M007,PH,visa,Stripe,9,385.28
2026-02-17,M007,TH,mastercard,Stripe,11,1002.54
2026-02-17,M007,VN,gcash,PayMaya,7,398.12
2026-02-17,M007,VN,gopay,Midtrans,7,756.56
2026-02-17,M008,ID,visa,Checkout.com,7,407.49
2026-02-17,M008,PH,visa,Adyen,12,1312.73
2026-02-17,M023,TH,visa,Adyen,51,4565.18
2026-02-17,M025,ID,mastercard,Checkout.com,37,1859.75
2026-02-17,M040,VN,bank_transfer,Xendit,37,4257.99
2026-02-17,M047,TH,gopay,Midtrans,38,2861.32
2026-02-17,M054,TH,truemoney,Omise,35,2876.88
2026-02-18,M001,ID,bank_transfer,Xendit,8,845.12
2026-02-18,M002,VN,visa,Checkout.com,8,504.23
2026-02-18,M003,TH,visa,Adyen,11,649.74
2026-02-18,M004,TH,mastercard,Stripe,9,723.8
2026-02-18,M004,TH,visa,Checkout.com,8,572.87
2026-02-18,M005,ID,mastercard,Adyen,7,791.37
2026-02-18,M006,ID,gopay,Midtrans,10,989.22
2026-02-18,M006,ID,mastercard,Stripe,8,654.78
2026-02-18,M006,ID,ovo,Midtrans,10,1036.19
2026-02-18,M007,PH,mastercard,Stripe,7,684.23
2026-02-18,M007,TH,visa,Adyen,7,831.14
2026-02-18,M007,VN,gopay,Midtrans,9,819.52
2026-02-18,M008,ID,visa,Stripe,9,1070.37
2026-02-18,M008,PH,bank_transfer,Xendit,11,802.89
2026-02-18,M010,PH,visa,Checkout.com,35,2195.34
2026-02-18,M014,PH,visa,Checkout.com,37,2613.04
2026-02-18,M020,PH,mastercard,Stripe,33,3652.52
2026-02-18,M025,TH,bank_transfer,Xendit,51,5182.39
2026-02-18,M028,ID,gopay,Midtrans,49,4336.94
2026-02-18,M043,PH,visa,Adyen,40,4254.71
2026-02-18,M049,ID,visa,Stripe,65,3744.82
2026-02-18,M050,TH,mastercard,Stripe,38,3233.11
2026-02-19,M001,PH,mastercard,Checkout.com,9,399.75
2026-02-19,M002,ID,mastercard,Stripe,19,2074.95
2026-02-19,M003,TH,visa,Adyen,12,860.58
2026-02-19,M003,TH,visa,Checkout.com,7,308.49
2026-02-19,M004,ID,ovo,Midtrans,8,484.87
2026-02-19,M005,TH,visa,Stripe,7,697.8
2026-02-19,M007,ID,ovo,Midtrans,7,400.92
2026-02-19,M007,ID,visa,Checkout.com,8,818.73
2026-02-19,M007,VN,visa,Adyen,10,584.6
2026-02-19,M008,ID,mastercard,Stripe,12,1400.17
2026-02-19,M008,TH,visa,Stripe,8,726.76
2026-02-19,M008,VN,ovo,Midtrans,8,660.23
2026-02-19,M008,VN,visa,Checkout.com,9,683.66
2026-02-19,M008,VN,visa,Stripe,8,448.98
2026-02-19,M031,VN,gopay,Midtrans,35,3672.91
2026-02-19,M042,TH,ovo,Midtrans,49,4228.15
2026-02-19,M047,PH,visa,Checkout.com,58,6831.69
2026-02-20,M001,ID,gopay,Midtrans,7,796.26
2026-02-20,M001,ID,ovo,Midtrans,10,535.31
2026-02-20,M001,ID,visa,Stripe,10,472.0
2026-02-20,M001,VN,visa,Stripe,11,502.75
2026-02-20,M003,PH,mastercard,Stripe,7,321.47
2026-02-20,M003,TH,visa,Stripe,11,1167.98
2026-02-20,M005,ID,gopay,Midtrans,8,815.63
2026-02-20,M005,ID,mastercard,Stripe,8,884.59
2026-02-20,M005,TH,visa,Adyen,8,654.16
2026-02-20,M006,ID,gopay,Midtrans,8,606.33
2026-02-20,M006,PH,gcash,PayMaya,9,696.71
2026-02-20,M006,PH,visa,Adyen,11,1140.98
2026-02-20,M006,VN,gcash,PayMaya,10,522.83
2026-02-20,M006,VN,visa,Checkout.com,10,1073.66
2026-02-20,M007,VN,mastercard,Adyen,10,948.84
2026-02-20,M007,VN,visa,Stripe,7,323.54
2026-02-20,M029,VN,gopay,Midtrans,37,2390.69
2026-02-20,M033,PH,visa,Checkout.com,54,5136.05
2026-02-20,M042,TH,gcash,PayMaya,34,2162.45
2026-02-21,M001,TH,visa,Stripe,8,505.49
2026-02-21,M002,ID,bank_transfer,Xendit,8,717.99
2026-02-21,M002,ID,mastercard,Adyen,8,719.07
2026-02-21,M002,ID,visa,Checkout.com,11,1050.32
2026-02-21,M002,PH,visa,Checkout.com,8,756.86
2026-02-21,M003,ID,visa,Stripe,11,833.22
2026-02-21,M003,VN,bank_transfer,Xendit,9,422.43
2026-02-21,M004,ID,gopay,Midtrans,10,752.77
2026-02-21,M004,PH,gopay,Midtrans,8,471.72
2026-02-21,M004,VN,gopay,Midtrans,7,585.65
2026-02-21,M005,TH,visa,Checkout.com,7,544.63
2026-02-21,M006,ID,gopay,Midtrans,9,806.2
2026-02-21,M006,TH,mastercard,Stripe,7,555.42
2026-02-21,M006,TH,visa,Stripe,8,705.28
2026-02-21,M007,ID,ovo,Midtrans,8,365.98
2026-02-21,M007,PH,ovo,Midtrans,9,706.75
2026-02-21,M007,PH,visa,Adyen,7,556.36
2026-02-21,M007,VN,visa,Stripe,9,1052.78
2026-02-21,M008,PH,gopay,Midtrans,9,490.24
2026-02-21,M030,PH,mastercard,Checkout.com,54,2571.21
2026-02-21,M043,ID,ovo,Midtrans,66,4920.67
2026-02-21,M054,ID,visa,Checkout.com,37,3651.06
2026-02-21,M054,TH,gopay,Midtrans,64,5478.31
2026-02-22,M001,ID,gopay,Midtrans,11,1268.15
2026-02-22,M001,ID,mastercard,Adyen,11,991.44
2026-02-22,M001,TH,mastercard,Stripe,10,913.25
2026-02-22,M003,PH,ovo,Midtrans,9,906.94
2026-02-22,M004,VN,truemoney,Omise,10,1124.63
2026-02-22,M006,ID,bank_transfer,Xendit,9,904.39
2026-02-22,M006,PH,ovo,Midtrans,7,839.34
2026-02-22,M006,VN,gopay,Midtrans,10,629.51
2026-02-22,M006,VN,visa,Adyen,10,610.3
2026-02-22,M008,PH,visa,Adyen,8,955.85
2026-02-22,M009,VN,mastercard,Checkout.com,33,2710.68
2026-02-22,M012,PH,ovo,Midtrans,40,4351.91
2026-02-22,M027,TH,gopay,Midtrans,34,1914.5
2026-02-22,M028,PH,gcash,PayMaya,43,4584.96
2026-02-22,M041,PH,truemoney,Omise,51,3834.42
2026-02-23,M002,ID,ovo,Midtrans,7,831.63
2026-02-23,M002,ID,visa,Stripe,7,727.13
2026-02-23,M002,PH,mastercard,Adyen,10,656.68
2026-02-23,M003,PH,mastercard,Stripe,8,678.9
2026-02-23,M003,TH,mastercard,Stripe,9,818.4
2026-02-23,M004,VN,mastercard,Checkout.com,9,899.41
2026-02-23,M005,ID,mastercard,Stripe,9,598.09
2026-02-23,M005,ID,visa,Adyen,11,606.07
2026-02-23,M006,PH,visa,Checkout.com,7,529.92
2026-02-23,M007,ID,visa,Checkout.com,10,1007.47
2026-02-23,M007,VN,gopay,Midtrans,8,333.54
2026-02-23,M007,VN,visa,Adyen,10,541.6
2026-02-23,M008,TH,visa,Stripe,8,496.02
2026-02-23,M041,ID,visa,Stripe,62,2752.48
2026-02-23,M041,PH,gopay,Midtrans,42,1752.99
2026-02-24,M001,ID,mastercard,Checkout.com,7,367.02
2026-02-24,M001,ID,ovo,Midtrans,8,604.6
2026-02-24,M001,PH,visa,Checkout.com,9,411.69
2026-02-24,M001,VN,mastercard,Stripe,7,780.11
2026-02-24,M002,ID,visa,Adyen,12,651.46
2026-02-24,M002,VN,mastercard,Adyen,7,587.72
2026-02-24,M002,VN,visa,Checkout.com,11,618.46
2026-02-24,M003,ID,ovo,Midtrans,8,783.88
2026-02-24,M003,PH,visa,Stripe,8,930.01
2026-02-24,M003,TH,gopay,Midtrans,9,576.2
2026-02-24,M003,VN,visa,Stripe,9,618.96
2026-02-24,M004,ID,visa,Adyen,10,436.77
2026-02-24,M004,TH,mastercard,Stripe,9,872.21
2026-02-24,M005,TH,gcash,PayMaya,12,901.61
2026-02-24,M005,TH,mastercard,Stripe,8,710.66
2026-02-24,M006,PH,visa,Checkout.com,7,733.89
2026-02-24,M006,TH,gopay,Midtrans,8,385.79
2026-02-24,M008,PH,visa,Checkout.com,9,794.45
2026-02-24,M015,ID,ovo,Midtrans,53,2300.42
2026-02-24,M016,PH,visa,Adyen,54,4125.14
2026-02-24,M029,PH,mastercard,Checkout.com,47,2544.27
2026-02-24,M046,TH,ovo,Midtrans,36,4105.98
2026-02-25,M001,ID,mastercard,Stripe,10,1143.66
2026-02-25,M001,PH,mastercard,Stripe,12,1367.96
2026-02-25,M001,TH,bank_transfer,Xendit,7,286.75
2026-02-25,M002,TH,mastercard,Adyen,7,823.31
2026-02-25,M004,PH,bank_transfer,Xendit,7,823.6
2026-02-25,M004,TH,visa,Checkout.com,8,370.02
2026-02-25,M005,ID,mastercard,Checkout.com,7,623.74
2026-02-25,M006,PH,bank_transfer,Xendit,8,587.04
2026-02-25,M007,ID,gopay,Midtrans,8,418.29
2026-02-25,M008,PH,mastercard,Checkout.com,8,368.01
2026-02-25,M008,TH,gcash,PayMaya,8,863.35
2026-02-25,M015,ID,visa,Adyen,45,3635.39
2026-02-25,M035,ID,gcash,PayMaya,50,5877.83
2026-02-25,M049,TH,mastercard,Adyen,38,2641.73
2026-02-25,M051,VN,bank_transfer,Xendit,56,3223.72
2026-02-25,M053,PH,ovo,Midtrans,45,5193.25
2026-02-25,M055,ID,mastercard,Adyen,38,2174.34
